"store_id","date","summed_revenue","ses_revenue","hold_revenue","hold_damped_revenue","ets_revenue","stlf_revenue"
"S0002",2019-09-01,4164.56,9729.83017223581,9709.87226780468,9632.04845393917,16282.6105008916,6893.75838143918
"S0002",2019-09-08,6267.91,9729.83017223581,9760.46053074488,9633.1477951895,16282.6105008916,7048.81524150186
"S0002",2019-09-15,5007.57,9729.83017223581,9811.04879368508,9634.1486758989,16282.6105008916,9502.43467517748
"S0002",2019-09-22,3074.56,9729.83017223581,9861.63705662528,9635.05991451034,16282.6105008916,6896.41464860064
"S0002",2019-09-29,5728.25,9729.83017223581,9912.22531956548,9635.88953965864,16282.6105008916,7233.47068043071
"S0003",2019-09-01,1030.02,1947.53714602063,1366.25844834711,1896.50641046098,5801.60777763714,1756.87939018274
"S0003",2019-09-08,1302.61,1947.53714602063,1378.67913497501,1896.94545579991,5801.60777763714,1908.03247058681
"S0003",2019-09-15,1255.4,1947.53714602063,1391.09982160291,1897.35222230084,5801.60777763714,2892.40600596607
"S0003",2019-09-22,1343.15,1947.53714602063,1403.52050823081,1897.72908312046,5801.60777763714,1919.72776913423
"S0003",2019-09-29,1215.74,1947.53714602063,1415.94119485871,1898.07823693975,5801.60777763714,2024.41121698966
"S0005",2019-09-01,1177.18,1171.24600977682,1794.08655968488,1352.25923644497,3277.98319115756,NA
"S0005",2019-09-08,1090.34,1171.24600977682,1815.44346289679,1353.56907407329,3277.98319115756,NA
"S0005",2019-09-15,1239.8,1171.24600977682,1836.80036610869,1354.83155623218,3277.98319115756,NA
"S0005",2019-09-22,1130.89,1171.24600977682,1858.1572693206,1356.04839499681,3277.98319115756,NA
"S0005",2019-09-29,1267.78,1171.24600977682,1879.51417253251,1357.22124054451,3277.98319115756,NA
"S0007",2019-09-01,867.3,785.597043228396,927.543942492615,894.635395082349,955.403630675744,NA
"S0007",2019-09-08,685.84,785.597043228396,938.948951480639,902.456327995187,968.077987191984,NA
"S0007",2019-09-15,892.32,785.597043228396,950.353960468663,910.12084215456,980.752343708224,NA
"S0007",2019-09-22,946.83,785.597043228396,961.758969456687,917.632065937442,993.426700224464,NA
"S0007",2019-09-29,1071.56,785.597043228396,973.163978444712,924.993065153228,1006.1010567407,NA
"S0010",2019-09-01,2947.91,6737.93538366179,6721.83744164325,6609.92644362418,8301.79727736494,3377.46751017031
"S0010",2019-09-08,2749.2,6737.93538366179,6750.17954634461,6610.45341858549,8301.79727736494,3851.96411543534
"S0010",2019-09-15,2851.46,6737.93538366179,6778.52165104598,6610.93770500988,8301.79727736494,4158.45143942069
"S0010",2019-09-22,2247.66,6737.93538366179,6806.86375574734,6611.38276095766,8301.79727736494,3504.9003688498
"S0010",2019-09-29,3618.38,6737.93538366179,6835.20586044871,6611.79176436281,8301.79727736494,3734.58850268055
"S0012",2019-09-01,1349.81,2666.36819032783,2559.36032153287,2616.79472921323,5719.53323349387,2129.80831373541
"S0012",2019-09-08,1937.03,2666.36819032783,2570.6685830581,2633.83085208891,5719.53323349387,2500.19052554861
"S0012",2019-09-15,1965.89,2666.36819032783,2581.97684458334,2650.52625241592,5719.53323349387,2973.98627731481
"S0012",2019-09-22,1982.73,2666.36819032783,2593.28510610857,2666.88774464706,5719.53323349387,2231.57665950385
"S0012",2019-09-29,1436.13,2666.36819032783,2604.5933676338,2682.92200694604,5719.53323349387,2407.99995942408
"S0014",2019-09-01,1134.12,1416.4485244236,1478.39215109678,1364.1746641732,1203.27438043518,1295.9785002308
"S0014",2019-09-08,1389.82,1416.4485244236,1480.90918973185,1364.28026476946,1203.27438043518,1577.36603541385
"S0014",2019-09-15,1482.46,1416.4485244236,1483.42622836692,1364.37804139291,1203.27438043518,1703.16726559364
"S0014",2019-09-22,1575.78,1416.4485244236,1485.94326700199,1364.4685737235,1203.27438043518,1467.77989993728
"S0014",2019-09-29,1440.88,1416.4485244236,1488.46030563706,1364.5523984926,1203.27438043518,1642.81304247717
"S0015",2019-09-01,2545.12,12653.8305843814,12648.4928562493,12611.098654846,17273.7275338395,7670.8383711566
"S0015",2019-09-08,2759.73,12653.8305843814,12726.9670215118,12611.9752401159,21422.7071166727,7912.45716198134
"S0015",2019-09-15,2664.79,12653.8305843814,12805.4411867744,12612.7782477925,25571.686699506,8650.63701768879
"S0015",2019-09-22,3001.69,12653.8305843814,12883.915352037,12613.5138537292,29720.6662823393,8061.74783156735
"S0015",2019-09-29,3424.1,12653.8305843814,12962.3895172996,12614.1877153994,33869.6458651726,8060.88024271558
"S0016",2019-09-01,587.25,837.202112722229,843.57699895861,836.763506707568,785.652351989269,722.571014522482
"S0016",2019-09-08,698.55,837.202112722229,846.037269051913,836.914202724121,785.652351989269,832.727893808328
"S0016",2019-09-15,905.45,837.202112722229,848.497539145215,837.061884814461,785.652351989269,872.544774599452
"S0016",2019-09-22,833.36,837.202112722229,850.957809238518,837.206613257231,785.652351989269,1082.27382316625
"S0016",2019-09-29,965.58,837.202112722229,853.41807933182,837.348447125496,785.652351989269,924.362033717423
"S0020",2019-09-01,9500.83,34663.1302526486,34527.1185290454,34356.2483313608,37929.988328168,21811.1423135236
"S0020",2019-09-08,9153.79,34663.1302526486,34727.5286988889,34358.8429154248,37929.988328168,22209.7111711975
"S0020",2019-09-15,9709.7,34663.1302526486,34927.9388687324,34361.2192906618,37929.988328168,23801.755124594
"S0020",2019-09-22,7027.49,34663.1302526486,35128.349038576,34363.3958087963,37929.988328168,22780.4415787049
"S0020",2019-09-29,10920.37,34663.1302526486,35328.7592084195,34365.3892781425,37929.988328168,22502.4694681034
"S0022",2019-09-01,1764.53,2581.80789361944,2609.09453559477,2513.52540815127,2068.77088340182,1928.71167167483
"S0022",2019-09-08,1521.2,2581.80789361944,2612.40195978813,2513.68949696866,2068.77088340182,2516.74863162951
"S0022",2019-09-15,2268.27,2581.80789361944,2615.70938398149,2513.84216344917,2068.77088340182,2504.18663641378
"S0022",2019-09-22,2029.36,2581.80789361944,2619.01680817485,2513.98420270962,2068.77088340182,2616.40132408339
"S0022",2019-09-29,1829.34,2581.80789361944,2622.32423236822,2514.11635451821,2068.77088340182,2512.37175721986
"S0023",2019-09-01,3422.93,4496.80052263051,4491.46237419495,3793.09026380818,10980.5222195333,3902.60768188889
"S0023",2019-09-08,4100.42,4496.80052263051,4528.89202641799,3868.17362727423,10980.5222195333,4048.07729048286
"S0023",2019-09-15,3097.54,4496.80052263051,4566.32167864102,3939.00790026237,10980.5222195333,6181.25298238666
"S0023",2019-09-22,3029.67,4496.80052263051,4603.75133086406,4005.83354576007,10980.5222195333,4406.15620832988
"S0023",2019-09-29,3375.02,4496.80052263051,4641.1809830871,4068.87741856064,10980.5222195333,4550.39076229064
"S0026",2019-09-01,9467.8,31374.0136288435,31037.1823721115,30717.7044228806,37183.5559331071,23100.3608744322
"S0026",2019-09-08,10584.75,31374.0136288435,31213.5175139795,30720.1608716218,37183.5559331071,24766.1846166463
"S0026",2019-09-15,12547.99,31374.0136288435,31389.8526558475,30722.3894625239,37183.5559331071,27162.921364859
"S0026",2019-09-22,10771.06,31374.0136288435,31566.1877977154,30724.4113314626,37183.5559331071,25220.3661627194
"S0026",2019-09-29,12256.18,31374.0136288435,31742.5229395834,30726.2456537697,37183.5559331071,25830.7433827944
"S0030",2019-09-01,589.66,729.777550019953,736.281244913757,700.539434952599,707.657455561038,629.14819082713
"S0030",2019-09-08,532.06,729.777550019953,759.430716945222,721.375307857709,730.951637485239,587.199064487119
"S0030",2019-09-15,631.86,729.777550019953,782.580188976687,741.794462749358,754.24581940944,787.132022217859
"S0030",2019-09-22,667.16,729.777550019953,805.729661008152,761.805233998922,777.54000133364,675.462561166964
"S0030",2019-09-29,381.34,729.777550019953,828.879133039616,781.415789290128,800.834183257841,637.293865124363
"S0032",2019-09-01,743.71,1265.75521843951,1275.16180553987,1255.25676255316,1316.21111134495,1175.36596932523
"S0032",2019-09-08,609.42,1265.75521843951,1280.06425032614,1255.35958959119,1316.21111134495,1089.56736548444
"S0032",2019-09-15,857.87,1265.75521843951,1284.96669511242,1255.45400182717,1316.21111134495,1352.19446990863
"S0032",2019-09-22,689.82,1265.75521843951,1289.86913989869,1255.54068788245,1316.21111134495,1155.75697213199
"S0032",2019-09-29,807.61,1265.75521843951,1294.77158468497,1255.62028002536,1316.21111134495,1315.85223816979
"S0036",2019-09-01,1613.28,3053.84098490496,2993.67876270247,3023.58865842568,4366.13166997291,NA
"S0036",2019-09-08,1552.92,3053.84098490496,3019.56619747508,3023.94052075757,4366.13166997291,NA
"S0036",2019-09-15,2018.23,3053.84098490496,3045.4536322477,3024.24225822311,4366.13166997291,NA
"S0036",2019-09-22,1185.74,3053.84098490496,3071.34106702031,3024.50101140543,4366.13166997291,NA
"S0036",2019-09-29,1684.47,3053.84098490496,3097.22850179292,3024.72290366941,4366.13166997291,NA
"S0038",2019-09-01,8794.7,15013.3082370865,14956.075425688,14957.4950950081,14906.2454649328,11111.0051091307
"S0038",2019-09-08,9482.83,15013.3082370865,15028.2045181341,14958.371488478,14906.2454649328,10928.4738604757
"S0038",2019-09-15,9195.3,15013.3082370865,15100.3336105801,14959.0812658955,14906.2454649328,13508.7233212425
"S0038",2019-09-22,7981.76,15013.3082370865,15172.4627030262,14959.6561035681,14906.2454649328,11400.3504745588
"S0038",2019-09-29,10445.6,15013.3082370865,15244.5917954722,14960.1216556435,14906.2454649328,10391.2749981418
"S0039",2019-09-01,595.78,1397.23174463902,1238.61130557424,1327.91788385312,2013.41366899853,835.091316226365
"S0039",2019-09-08,784.55,1397.23174463902,1244.07968442838,1328.06588377588,2013.41366899853,955.054972179756
"S0039",2019-09-15,627.13,1397.23174463902,1249.54806328251,1328.20213839374,2013.41366899853,1120.00213088423
"S0039",2019-09-22,632.01,1397.23174463902,1255.01644213665,1328.32757981658,2013.41366899853,1048.16454384747
"S0039",2019-09-29,1049.1,1397.23174463902,1260.48482099078,1328.4430661818,2013.41366899853,1141.0143030967
"S0040",2019-09-01,3278.88,5131.21153119174,5287.56115787787,5055.09023320771,8554.64016282111,5208.83957045325
"S0040",2019-09-08,3793.41,5131.21153119174,5303.55403072497,5055.70787499236,8554.64016282111,5454.1885687921
"S0040",2019-09-15,4288.84,5131.21153119174,5319.54690357208,5056.27239704544,8554.64016282111,6532.91140125851
"S0040",2019-09-22,4949.22,5131.21153119174,5335.53977641918,5056.78836788216,8554.64016282111,5927.73478804852
"S0040",2019-09-29,3908.95,5131.21153119174,5351.53264926629,5057.25996310664,8554.64016282111,5723.25692297475
"S0041",2019-09-01,319.39,265.515474557514,266.165777867419,265.231454951777,262.39082519731,285.931622379471
"S0041",2019-09-08,228.27,265.515474557514,266.343969544021,265.240214237326,262.39082519731,196.147669510752
"S0041",2019-09-15,209.61,265.515474557514,266.522161220624,265.248199465022,262.39082519731,237.141210069714
"S0041",2019-09-22,143.22,265.515474557514,266.700352897226,265.255479038338,262.39082519731,201.930304655636
"S0041",2019-09-29,139.75,265.515474557514,266.878544573829,265.262115315934,262.39082519731,195.870122692745
"S0045",2019-09-01,638.9,1224.80664022089,981.400038810998,1225.24866246709,1703.41405884904,990.244467820372
"S0045",2019-09-08,819.72,1224.80664022089,984.945495393012,1225.3553815991,1703.41405884904,1069.52207833842
"S0045",2019-09-15,757.19,1224.80664022089,988.490951975025,1225.44617452136,1703.41405884904,1340.60853403266
"S0045",2019-09-22,1027.42,1224.80664022089,992.036408557038,1225.5234179788,1703.41405884904,1410.60230434763
"S0045",2019-09-29,993.66,1224.80664022089,995.581865139051,1225.58913402329,1703.41405884904,1230.90572957539
"S0046",2019-09-01,939,5638.59428137168,5432.63202170277,5255.70355915389,7096.58782964732,NA
"S0046",2019-09-08,1087.48,5638.59428137168,5497.15480876142,5261.78351921194,7096.58782964732,NA
"S0046",2019-09-15,1181.58,5638.59428137168,5561.67759582007,5267.7418799834,7096.58782964732,NA
"S0046",2019-09-22,1057.04,5638.59428137168,5626.20038287872,5273.58107345571,7096.58782964732,NA
"S0046",2019-09-29,1528.96,5638.59428137168,5690.72316993738,5279.30348297653,7096.58782964732,NA
"S0050",2019-09-01,2826.01,5983.48459764509,5889.23697815818,5939.52332294561,7363.98553213005,4344.72383868622
"S0050",2019-09-08,2663.06,5983.48459764509,5923.60076615195,5940.09594003724,7363.98553213005,4671.01936838111
"S0050",2019-09-15,2843.01,5983.48459764509,5957.96455414573,5940.63990335686,7363.98553213005,5126.54663738081
"S0050",2019-09-22,2429.3,5983.48459764509,5992.3283421395,5941.15664673986,7363.98553213005,4876.16588002957
"S0050",2019-09-29,2124.72,5983.48459764509,6026.69213013327,5941.64753227248,7363.98553213005,4661.31946440885
"S0052",2019-09-01,1325.52,1715.32693021967,1759.46322358995,1692.5809295083,3239.57132643559,1332.90996156675
"S0052",2019-09-08,1166.98,1715.32693021967,1763.44384196889,1692.77472874749,3239.57132643559,1679.19047339363
"S0052",2019-09-15,1026.7,1715.32693021967,1767.42446034783,1692.95076650701,3239.57132643559,2007.03690433338
"S0052",2019-09-22,1383.06,1715.32693021967,1771.40507872677,1693.11067060625,3239.57132643559,1557.53521381756
"S0052",2019-09-29,1704.37,1715.32693021967,1775.3856971057,1693.25591967679,3239.57132643559,1569.91660166772
"S0055",2019-09-01,1303.78,1703.17113149774,1667.39355720413,1706.19744021776,1592.38412888919,1281.56694938667
"S0055",2019-09-08,1732.97,1703.17113149774,1671.97892226924,1706.36021497685,1592.38412888919,1841.96081850982
"S0055",2019-09-15,1600.22,1703.17113149774,1676.56428733434,1706.50069217056,1592.38412888919,2336.61450549417
"S0055",2019-09-22,1336.62,1703.17113149774,1681.14965239945,1706.6219262124,1592.38412888919,2006.93816898477
"S0055",2019-09-29,2037.8,1703.17113149774,1685.73501746456,1706.72655310955,1592.38412888919,1848.85126594889
"S0056",2019-09-01,4590.57,12807.6843433219,12768.5417887706,12707.5094345489,15930.2672030519,10072.358828028
"S0056",2019-09-08,4551,12807.6843433219,12895.3288851789,12708.8488167831,15930.2672030519,9907.42857891567
"S0056",2019-09-15,5398.21,12807.6843433219,13022.1159815873,12710.0564060813,15930.2672030519,11679.8613900515
"S0056",2019-09-22,4417.42,12807.6843433219,13148.9030779956,12711.1451706443,15930.2672030519,10041.4021572202
"S0056",2019-09-29,6400.11,12807.6843433219,13275.690174404,12712.1268026242,15930.2672030519,10574.8295594266
"S0058",2019-09-01,1784.19,3769.17046319382,3843.10879216987,3513.60294710835,6399.18829712113,2626.99562234827
"S0058",2019-09-08,1876.47,3769.17046319382,3856.17401043561,3514.06346918455,6399.18829712113,2931.06513572794
"S0058",2019-09-15,2462.81,3769.17046319382,3869.23922870136,3514.48909560417,6399.18829712113,3657.69638981147
"S0058",2019-09-22,1747.08,3769.17046319382,3882.3044469671,3514.882470555,6399.18829712113,2965.93266354525
"S0058",2019-09-29,1833.4,3769.17046319382,3895.36966523284,3515.24603786381,6399.18829712113,3026.18439265449
"S0059",2019-09-01,1054.41,2020.84006748268,1864.1964796976,1558.49046032851,1205.00801168503,1105.6474405528
"S0059",2019-09-08,1269.29,2020.84006748268,1881.09060615653,1558.73341022939,1253.36028820494,1401.97909211496
"S0059",2019-09-15,938.88,2020.84006748268,1897.98473261547,1558.96194166724,1301.71256472485,1615.29036558215
"S0059",2019-09-22,1133.21,2020.84006748268,1914.8788590744,1559.17691034145,1350.06484124476,1300.5953286701
"S0059",2019-09-29,1156.34,2020.84006748268,1931.77298553334,1559.37912116776,1398.41711776467,1435.04984044113
"S0061",2019-09-01,3299.42,13013.8616367712,13107.7482471207,12951.9968297103,14543.17334121,NA
"S0061",2019-09-08,3938.56,13013.8616367712,13290.1900294444,12952.8294692504,14543.17334121,NA
"S0061",2019-09-15,4604.98,13013.8616367712,13472.631811768,12953.5442167465,14543.17334121,NA
"S0061",2019-09-22,3617.98,13013.8616367712,13655.0735940916,12954.1577643366,14543.17334121,NA
"S0061",2019-09-29,3423.16,13013.8616367712,13837.5153764152,12954.6844407466,14543.17334121,NA
"S0062",2019-09-01,9141.85,14782.7360492422,15650.0783895876,13734.7145076905,30983.0142435309,11739.8422187406
"S0062",2019-09-08,10623.03,14782.7360492422,15694.1118945557,13736.4933299417,30983.0142435309,13762.235713937
"S0062",2019-09-15,11823.53,14782.7360492422,15738.1453995239,13738.1327156605,30983.0142435309,19044.6776265461
"S0062",2019-09-22,10063.72,14782.7360492422,15782.1789044921,13739.6435948579,30983.0142435309,13973.7635032083
"S0062",2019-09-29,13125.9,14782.7360492422,15826.2124094603,13741.0360407739,30983.0142435309,14393.1027616681
"S0067",2019-09-01,1537.99,5802.31603592111,5787.69506652816,5755.85156815479,6768.23590850414,4107.83129193496
"S0067",2019-09-08,2092.81,5802.31603592111,5816.11967726968,5756.31939904285,6768.23590850414,4503.27914515858
"S0067",2019-09-15,2310.53,5802.31603592111,5844.54428801121,5756.7525805225,6768.23590850414,4522.15181223667
"S0067",2019-09-22,1845.99,5802.31603592111,5872.96889875273,5757.15367886615,6768.23590850414,4536.15208644673
"S0067",2019-09-29,1779.58,5802.31603592111,5901.39350949426,5757.52507027793,6768.23590850414,4771.70992397244
"S0068",2019-09-01,366.31,801.0582894815,711.827508884989,635.207925541564,680.706016871842,733.164498628975
"S0068",2019-09-08,453.18,801.0582894815,718.428784064393,644.376393939639,680.706016871842,750.190337524932
"S0068",2019-09-15,458.18,801.0582894815,725.030059243796,653.286594022406,680.706016871842,825.224798652543
"S0068",2019-09-22,607.66,801.0582894815,731.6313344232,661.945800998745,680.706016871842,795.072649311442
"S0068",2019-09-29,1121.8,801.0582894815,738.232609602604,670.361085140801,680.706016871842,770.736110498383
"S0071",2019-09-01,2001.81,4001.29820954181,1985.33998004654,2019.56236041099,4083.89794304493,NA
"S0071",2019-09-08,1916.15,4001.29820954181,2033.38456168803,2021.05302163837,4083.89794304493,NA
"S0071",2019-09-15,1966.25,4001.29820954181,2081.42914332953,2022.45702387636,4083.89794304493,NA
"S0071",2019-09-22,1918.29,4001.29820954181,2129.47372497103,2023.77940501035,4083.89794304493,NA
"S0071",2019-09-29,2190.63,4001.29820954181,2177.51830661252,2025.02491005031,4083.89794304493,NA
"S0072",2019-09-01,3331,8146.37395565092,8104.26687235063,8154.53156931109,8597.7652145773,5372.46559491836
"S0072",2019-09-08,2895.04,8146.37395565092,8121.84921798192,8236.77383851076,8597.7652145773,5732.78112375284
"S0072",2019-09-15,3292.65,8146.37395565092,8139.43156361322,8317.37125671795,8597.7652145773,5703.94110345188
"S0072",2019-09-22,3448.67,8146.37395565092,8157.01390924451,8396.3567210647,8597.7652145773,5455.60329398898
"S0072",2019-09-29,3368.47,8146.37395565092,8174.59625487581,8473.76247073813,8597.7652145773,5320.08088313101
"S0073",2019-09-01,1415.66,2940.67366749904,1512.58753801444,1458.93906551229,3937.61462797176,1802.97795140813
"S0073",2019-09-08,1761.06,2940.67366749904,1577.76340002447,1524.53859950967,3937.61462797176,1938.47019742155
"S0073",2019-09-15,1322.83,2940.67366749904,1642.93926203451,1588.82614151088,3937.61462797176,2423.76088847375
"S0073",2019-09-22,1386.7,2940.67366749904,1708.11512404455,1651.82793138216,3937.61462797176,2131.92948986416
"S0073",2019-09-29,1306.52,2940.67366749904,1773.29098605459,1713.56968419191,3937.61462797176,1847.80765536613
"S0076",2019-09-01,1445.28,1105.88945541887,1126.95957907469,1099.20691979313,1107.19124629978,NA
"S0076",2019-09-08,1340.22,1105.88945541887,1142.20668713182,1099.21755816533,1107.19124629978,NA
"S0076",2019-09-15,1606.43,1105.88945541887,1157.45379518895,1099.22675307818,1107.19124629978,NA
"S0076",2019-09-22,1378.22,1105.88945541887,1172.70090324609,1099.23470038634,1107.19124629978,NA
"S0076",2019-09-29,1540.44,1105.88945541887,1187.94801130322,1099.24156937011,1107.19124629978,NA
"S0077",2019-09-01,370.93,453.740020502269,457.615562881966,452.395270842947,453.78690247956,387.070874371674
"S0077",2019-09-08,384.62,453.740020502269,457.754164816194,452.39577318292,453.78690247956,426.712854467099
"S0077",2019-09-15,484.36,453.740020502269,457.892766750422,452.396236169303,453.78690247956,600.10483741245
"S0077",2019-09-22,592.53,453.740020502269,458.03136868465,452.396662885075,453.78690247956,483.612638668785
"S0077",2019-09-29,607.48,453.740020502269,458.169970618878,452.397056171697,453.78690247956,520.336691222808
"S0080",2019-09-01,1557.01,2293.28896391588,2254.34005558533,2249.63483077625,2033.31333160849,1802.55297942984
"S0080",2019-09-08,1793.05,2293.28896391588,2264.40213482685,2250.91300329145,2045.28916250647,1859.37579847899
"S0080",2019-09-15,1718.48,2293.28896391588,2274.46421406838,2252.16561228379,2057.26499340445,1885.13153305451
"S0080",2019-09-22,2017.07,2293.28896391588,2284.5262933099,2253.39316902516,2069.24082430243,1959.01935062558
"S0080",2019-09-29,2036.34,2293.28896391588,2294.58837255142,2254.59617456201,2081.21665520041,2050.01247492514
"S0083",2019-09-01,735.24,905.067136933014,941.403823495155,908.18507561817,1203.47443706223,1330.49117675235
"S0083",2019-09-08,587.89,905.067136933014,943.781300853645,908.325796660426,1266.09065101384,1309.86519511084
"S0083",2019-09-15,928.98,905.067136933014,946.158778212135,908.438373548154,1328.70686496545,830.729081701685
"S0083",2019-09-22,611.1,905.067136933014,948.536255570625,908.528435101475,1391.32307891707,691.737853542842
"S0083",2019-09-29,659.12,905.067136933014,950.913732929115,908.600484378643,1453.93929286868,720.427117612899
"S0085",2019-09-01,20109.16,29725.7167578954,29694.4825121454,29587.4989793183,38229.3460507425,23437.2406211929
"S0085",2019-09-08,23264.68,29725.7167578954,29827.5542343052,29589.8058735983,38229.3460507425,23636.1831836476
"S0085",2019-09-15,18034.87,29725.7167578954,29960.625956465,29591.8658429177,38229.3460507425,25486.6184336267
"S0085",2019-09-22,17483.93,29725.7167578954,30093.6976786248,29593.7053175886,38229.3460507425,24205.51989701
"S0085",2019-09-29,17327.44,29725.7167578954,30226.7694007846,29595.3478988801,38229.3460507425,24276.0743306977
"S0086",2019-09-01,542.35,944.477964313764,945.549862787021,942.33666241511,870.752718135125,536.315213669274
"S0086",2019-09-08,443.94,944.477964313764,977.834946575315,973.679252881871,870.752718135125,506.839108792527
"S0086",2019-09-15,358.98,944.477964313764,1010.12003036361,1004.39498930089,870.752718135125,563.954917781163
"S0086",2019-09-22,422.05,944.477964313764,1042.4051141519,1034.4964087979,870.752718135125,501.517628780784
"S0086",2019-09-29,534.46,944.477964313764,1074.6901979402,1063.9957977552,870.752718135125,525.119365429483
"S0088",2019-09-01,1220.41,2833.41140585235,2794.23256221435,2820.16614083152,3803.19521386408,1654.07875273557
"S0088",2019-09-08,993.06,2833.41140585235,2809.63266596673,2836.04936229442,3803.19521386408,1711.44674994315
"S0088",2019-09-15,743.73,2833.41140585235,2825.0327697191,2851.61455718248,3803.19521386408,2093.50544157153
"S0088",2019-09-22,833.22,2833.41140585235,2840.43287347148,2866.86809327836,3803.19521386408,1812.49627871766
"S0088",2019-09-29,1127.17,2833.41140585235,2855.83297722386,2881.81621086388,3803.19521386408,1791.15648337447
"S0089",2019-09-01,509.15,599.251109757258,599.578488918798,605.967478611254,637.861722915255,521.412564511187
"S0089",2019-09-08,485.59,599.251109757258,607.445026865109,615.317757390058,648.505248256224,570.511373198063
"S0089",2019-09-15,517.18,599.251109757258,615.31156481142,624.471538816317,659.148773597193,740.836718810008
"S0089",2019-09-22,640.94,599.251109757258,623.178102757732,633.43295230804,669.792298938163,675.579500003904
"S0089",2019-09-29,593.75,599.251109757258,631.044640704043,642.206040502964,680.435824279132,618.751137286629
"S0091",2019-09-01,1518.55,5214.53752556701,5478.66271019873,5458.04836256815,6306.79106258002,3168.80295721185
"S0091",2019-09-08,2291.95,5214.53752556701,5976.15135494605,5945.01146542363,7568.41641944669,3242.09197604542
"S0091",2019-09-15,1948.84,5214.53752556701,6473.63999969337,6422.23521813734,8830.04177631337,4581.93714935691
"S0091",2019-09-22,1933.67,5214.53752556701,6971.12864444068,6889.91440947382,10091.66713318,3343.34574402041
"S0091",2019-09-29,1884.25,5214.53752556701,7468.617289188,7348.2399323871,11353.2924900467,3266.29974223736
"S0092",2019-09-01,1515.18,2987.51324410759,2933.49706752698,2818.56955461106,3387.48780171119,NA
"S0092",2019-09-08,1113.3,2987.51324410759,2984.58466816772,2819.02830065663,3387.48780171119,NA
"S0092",2019-09-15,1143.27,2987.51324410759,3035.67226880846,2819.43985968568,3387.48780171119,NA
"S0092",2019-09-22,1172.32,2987.51324410759,3086.7598694492,2819.8090853957,3387.48780171119,NA
"S0092",2019-09-29,1188,2987.51324410759,3137.84747008994,2820.14033222864,3387.48780171119,NA
"S0094",2019-09-01,5439.29,10229.8653068261,10167.5622571621,10267.7395703449,10557.382870451,8827.81384664744
"S0094",2019-09-08,6103.24,10229.8653068261,10230.391102508,10447.2310762112,10557.382870451,9248.16806056418
"S0094",2019-09-15,6713.85,10229.8653068261,10293.2199478539,10623.1327452569,10557.382870451,9968.22080838559
"S0094",2019-09-22,4697.52,10229.8653068261,10356.0487931997,10795.5163743524,10557.382870451,8941.24637389022
"S0094",2019-09-29,4824,10229.8653068261,10418.8776385456,10964.4523244282,10557.382870451,9141.35616285343
"S0095",2019-09-01,7524.66,7027.16858859048,6957.35172116929,7029.61190545091,7014.72594943093,7008.96963356446
"S0095",2019-09-08,6879.46,7027.16858859048,6936.83248537166,7029.39722681544,7014.72594943093,7865.16922644784
"S0095",2019-09-15,7554.36,7027.16858859048,6916.31324957402,7029.19207874829,7014.72594943093,7709.87587598944
"S0095",2019-09-22,6941.61,7027.16858859048,6895.79401377639,7028.99603814387,7014.72594943093,8134.7487492274
"S0095",2019-09-29,8235.17,7027.16858859048,6875.27477797876,7028.80870068017,7014.72594943093,7941.26640604278
"S0097",2019-09-01,8932.42,12741.9772943694,12362.2877073947,12561.1623092457,15169.9230742615,8946.09122492239
"S0097",2019-09-08,9015.68,12741.9772943694,12309.299268323,12945.0587965568,15495.1976343127,9864.06184336007
"S0097",2019-09-15,10201.75,12741.9772943694,12256.3108292514,13252.1760068608,15820.4721943639,13297.4213390175
"S0097",2019-09-22,7858.83,12741.9772943694,12203.3223901797,13497.8697914681,16145.7467544151,9309.32692463827
"S0097",2019-09-29,11238.22,12741.9772943694,12150.333951108,13694.4248322453,16471.0213144663,10596.7534562739
"S0099",2019-09-01,809.66,1641.21107933466,1723.31133323215,1661.50172190213,1715.47484806819,1004.6193566279
"S0099",2019-09-08,443.5,1641.21107933466,1822.86516425513,1749.63227869799,1715.47484806819,871.947929394518
"S0099",2019-09-15,525.33,1641.21107933466,1922.41899527811,1826.39007361682,1715.47484806819,816.643560775572
"S0099",2019-09-22,425.01,1641.21107933466,2021.97282630109,1893.2426988016,1715.47484806819,738.139063777811
"S0099",2019-09-29,495.5,1641.21107933466,2121.52665732407,1951.46836173035,1715.47484806819,730.325797137258
"S0102",2019-09-01,1920.74,3455.23210467462,3543.9030216353,3423.43062527911,6984.88036893166,3006.77969821203
"S0102",2019-09-08,1942.88,3455.23210467462,3560.08601988991,3423.82172555722,6984.88036893166,3595.60274290791
"S0102",2019-09-15,1970.74,3455.23210467462,3576.26901814452,3424.13875241495,6984.88036893166,2863.00782731933
"S0102",2019-09-22,2013.87,3455.23210467462,3592.45201639913,3424.39573517397,6984.88036893166,3019.19615810247
"S0102",2019-09-29,2626.25,3455.23210467462,3608.63501465374,3424.60404603731,6984.88036893166,2532.39182807269
"S0104",2019-09-01,5093.48,16456.9793742019,16348.8077851368,16197.2417893969,24366.4588404898,12614.4309927446
"S0104",2019-09-08,6807.11,16456.9793742019,16440.2216224098,16199.0271192582,24366.4588404898,13671.4484843696
"S0104",2019-09-15,7527.73,16456.9793742019,16531.6354596828,16200.6684833903,24366.4588404898,15216.8702069796
"S0104",2019-09-22,6880.24,16456.9793742019,16623.0492969558,16202.1774909261,24366.4588404898,13835.0685783354
"S0104",2019-09-29,7901.48,16456.9793742019,16714.4631342288,16203.5648148589,24366.4588404898,14332.3929948718
"S0107",2019-09-01,825.79,1236.70367348986,1421.32796056337,1268.61339821663,1207.39519096302,1013.48462078119
"S0107",2019-09-08,1217.14,1236.70367348986,1423.72702125077,1268.83462016898,1207.39519096302,1305.7908078018
"S0107",2019-09-15,1135.04,1236.70367348986,1426.12608193816,1269.03188056077,1207.39519096302,1766.72885578798
"S0107",2019-09-22,1415.06,1236.70367348986,1428.52514262556,1269.20777477813,1207.39519096302,1211.64614306667
"S0107",2019-09-29,1739.27,1236.70367348986,1430.92420331295,1269.36461708905,1207.39519096302,1264.07974389579
"S0108",2019-09-01,3295.92,13901.5486816029,13724.7354551946,13699.0947840804,20071.9469974611,8612.07011210059
"S0108",2019-09-08,3379.2,13901.5486816029,13805.2061175986,13700.6307260357,20071.9469974611,9009.85342059935
"S0108",2019-09-15,5483.23,13901.5486816029,13885.6767800025,13702.037697697,20071.9469974611,9866.27406742503
"S0108",2019-09-22,3432.79,13901.5486816029,13966.1474424065,13703.3265284688,20071.9469974611,8873.02864230147
"S0108",2019-09-29,3742.14,13901.5486816029,14046.6181048104,13704.50713843,20071.9469974611,9312.64292380651
"S0109",2019-09-01,1765.57,5009.04074222453,6685.84973011258,6480.16566722925,6686.27324090897,NA
"S0109",2019-09-08,1530.94,5009.04074222453,8775.99882802819,8168.3922322601,8776.56935424405,NA
"S0109",2019-09-15,1425.8,5009.04074222453,10866.1479259438,9686.21652852904,10866.8654675791,NA
"S0109",2019-09-22,1263.15,5009.04074222453,12956.2970238594,11050.838222124,12957.1615809142,NA
"S0109",2019-09-29,2353.34,5009.04074222453,15046.446121775,12277.7209194213,15047.4576942493,NA
"S0120",2019-09-01,373.66,489.964193362979,507.268330095133,486.758906730919,421.958287370465,346.14435792122
"S0120",2019-09-08,404.31,489.964193362979,508.188064017122,486.799653856954,421.958287370465,439.064095259738
"S0120",2019-09-15,615.17,489.964193362979,509.107797939112,486.837275894401,421.958287370465,513.906312290589
"S0120",2019-09-22,504.81,489.964193362979,510.027531861101,486.87201252099,421.958287370465,461.593852447373
"S0120",2019-09-29,553.02,489.964193362979,510.94726578309,486.90408503244,421.958287370465,604.095482792406
"S0122",2019-09-01,1981.88,3738.66049327188,3721.48629588713,3739.11937452856,3207.04095274277,2142.19618797219
"S0122",2019-09-08,1992.27,3738.66049327188,3742.56669300669,3768.27158306226,3207.04095274277,2070.95612798308
"S0122",2019-09-15,1595.49,3738.66049327188,3763.64709012625,3796.84074666028,3207.04095274277,2339.43305016302
"S0122",2019-09-22,1389.52,3738.66049327188,3784.7274872458,3824.83852623666,3207.04095274277,2172.13446842029
"S0122",2019-09-29,2596.96,3738.66049327188,3805.80788436536,3852.27634948681,3207.04095274277,2207.08379185482
"S0126",2019-09-01,2607.85,5621.96797407064,5640.2522231672,5574.35560622738,6709.42386315487,3159.84973510649
"S0126",2019-09-08,3498.69,5621.96797407064,5659.38857381656,5574.78989713776,6709.42386315487,3907.69552750094
"S0126",2019-09-15,3408.88,5621.96797407064,5678.52492446592,5575.18680042894,6709.42386315487,4856.20691144551
"S0126",2019-09-22,3705.91,5621.96797407064,5697.66127511528,5575.54953475929,6709.42386315487,4080.68118559874
"S0126",2019-09-29,5058.87,5621.96797407064,5716.79762576465,5575.88104169645,6709.42386315487,3793.12713158607
"S0131",2019-09-01,1759.18,7109.72068321541,7112.90001523707,7102.1593763826,6709.26717419682,2880.77324386644
"S0131",2019-09-08,1735.58,7109.72068321541,7156.7494414863,7102.59552689871,6709.26717419682,2795.41182470675
"S0131",2019-09-15,1934.09,7109.72068321541,7200.59886773553,7102.98057864423,6709.26717419682,3145.94321392917
"S0131",2019-09-22,1546.06,7109.72068321541,7244.44829398476,7103.32051827802,6709.26717419682,2881.16799295231
"S0131",2019-09-29,2127.71,7109.72068321541,7288.29772023399,7103.62063107057,6709.26717419682,2944.00321571157
"S0132",2019-09-01,2754.96,11522.4101668152,11506.8643531742,11444.0098184825,14045.1844412451,7061.26210463548
"S0132",2019-09-08,3060.24,11522.4101668152,11575.3462396089,11445.0279088062,14045.1844412451,7693.88824084299
"S0132",2019-09-15,3712.46,11522.4101668152,11643.8281260436,11445.9604744242,14045.1844412451,9332.50735375962
"S0132",2019-09-22,2999.8,11522.4101668152,11712.3100124783,11446.8146998418,14045.1844412451,7548.19857213699
"S0132",2019-09-29,3429.3,11522.4101668152,11780.791898913,11447.5971660297,14045.1844412451,7895.92119688561
"S0136",2019-09-01,657.46,1475.9767340412,1579.24787018473,1606.33077425139,1462.3885488448,NA
"S0136",2019-09-08,417.52,1475.9767340412,1648.50299414876,1663.67550507233,1462.3885488448,NA
"S0136",2019-09-15,0,1475.9767340412,1717.75811811278,1709.55138568656,1462.3885488448,NA
"S0136",2019-09-22,0,1475.9767340412,1787.01324207681,1746.2521669441,1462.3885488448,NA
"S0136",2019-09-29,0,1475.9767340412,1856.26836604083,1775.61285336318,1462.3885488448,NA
"S0141",2019-09-01,237.38,486.536929684952,486.060945588386,479.652640226368,585.210129456622,421.486070415681
"S0141",2019-09-08,493.93,486.536929684952,487.755139395933,479.788762993997,585.210129456622,494.837294228563
"S0141",2019-09-15,315.22,486.536929684952,489.44933320348,479.92216329465,585.210129456622,435.528012480073
"S0141",2019-09-22,427.36,486.536929684952,491.143527011027,480.052895577899,585.210129456622,492.053470612337
"S0141",2019-09-29,339.91,486.536929684952,492.837720818574,480.18101320432,585.210129456622,426.2766681261
"S0142",2019-09-01,1237.43,4668.84118699508,4589.74958850978,4615.10355630614,8762.46353036097,2738.91555812952
"S0142",2019-09-08,1281.46,4668.84118699508,4614.33950450267,4615.71415813922,8762.46353036097,3250.95589560294
"S0142",2019-09-15,1712.55,4668.84118699508,4638.92942049555,4616.26260491168,8762.46353036097,3602.38629989937
"S0142",2019-09-22,1794.39,4668.84118699508,4663.51933648844,4616.75522358055,8762.46353036097,3104.17455545244
"S0142",2019-09-29,1866.41,4668.84118699508,4688.10925248133,4617.19769706221,8762.46353036097,3275.97762749488
"S0143",2019-09-01,629.58,711.159484678171,707.91738515395,708.503278720467,761.198339974855,547.049973598234
"S0143",2019-09-08,915.27,711.159484678171,710.640685449785,708.574371610977,761.198339974855,593.786079619496
"S0143",2019-09-15,507.08,711.159484678171,713.36398574562,708.637322918812,761.198339974855,864.209528809965
"S0143",2019-09-22,601.63,711.159484678171,716.087286041456,708.693065020867,761.198339974855,565.978850877142
"S0143",2019-09-29,704.87,711.159484678171,718.810586337291,708.742423517908,761.198339974855,561.415838137055
